crop,district,year,rainfall_mm,gdd,soil_moisture,yield_qtl_ha
Maize,Buldhana,2014-2015,715.9,2404.0,0.271,12.29
Wheat,Nashik,2003-2004,0.9,1965.0,0.256,11.63
Jowar,Nagpur,2006-2007,950.1,2613.0,0.394,9.87
Jowar,Nashik,2002-2003,1171.0,2130.0,0.409,8.55
Jowar,Wardha,2002-2003,918.5,2636.0,0.308,9.19
Jowar,Satara,2021-2022,964.1,1936.0,0.373,12.25
Maize,Sangli,2008-2009,704.2,2110.0,0.421,25.86
Maize,Ahilyanagar,2001-2002,623.2,2175.0,0.396,17.08
Arhar/Tur,Solapur,2003-2004,528.2,4368.0,0.171,0.91
Maize,Latur,2007-2008,703.3,2218.0,0.427,8.25
Wheat,Jalgaon,2009-2010,88.2,2102.0,0.268,21.61
Maize,Parbhani,2000-2001,874.5,2438.0,0.369,10.43
Jowar,Pune,2001-2002,887.8,2072.0,0.39,4.83
Arhar/Tur,Nanded,2020-2021,937.0,4245.0,0.329,10.69
Maize,Buldhana,2003-2004,876.6,2222.0,0.344,21.29
Jowar,Dhule,2003-2004,705.3,2549.0,0.411,16.58
Maize,Pune,2007-2008,1136.7,2158.0,0.393,27.8
Maize,Sangli,2018-2019,686.1,2155.0,0.425,15.57
Maize,Jalgaon,2018-2019,738.1,2720.0,0.367,17.26
Jowar,Jalgaon,2017-2018,746.3,2681.0,0.393,18.99
Arhar/Tur,Satara,2017-2018,911.6,3430.0,0.298,1.76
Jowar,Parbhani,2019-2020,957.2,2615.0,0.383,6.48
Maize,Amravati,2012-2013,1415.5,2577.0,0.408,17.31
Jowar,Nanded,2002-2003,925.4,2511.0,0.38,10.06
Jowar,Nanded,2009-2010,837.5,2617.0,0.379,7.34
Wheat,Wardha,2017-2018,23.2,2117.0,0.134,14.78
Jowar,Nashik,2000-2001,725.6,2100.0,0.441,6.64
Maize,Buldhana,2013-2014,1253.8,2092.0,0.378,25.24
Maize,Amravati,2008-2009,760.9,2527.0,0.413,30.0
Jowar,Satara,2005-2006,1154.8,1862.0,0.373,7.19
Jowar,Dharashiv,2018-2019,696.1,2240.0,0.306,3.23
Maize,Hingoli,2016-2017,978.8,2405.0,0.397,17.5
Maize,Satara,2013-2014,1112.6,1785.0,0.378,16.0
Maize,Pune,2021-2022,744.0,2083.0,0.443,26.92
Jowar,Yavatmal,2020-2021,970.5,2524.0,0.332,4.97
Jowar,Sangli,2001-2002,350.5,2137.0,0.39,5.73
Maize,Solapur,2000-2001,938.4,2309.0,0.334,11.58
Jowar,Wardha,2004-2005,772.4,2599.0,0.346,8.97
Jowar,Amravati,2018-2019,753.9,2524.0,0.413,7.14
Maize,Nanded,2001-2002,725.8,2484.0,0.393,18.33
Maize,Ahilyanagar,2008-2009,667.5,2186.0,0.378,29.38
Maize,Kolhapur,2022-2023,1109.1,2014.0,0.455,25.5
Maize,Pune,2002-2003,835.7,2140.0,0.361,24.55
Maize,Washim,2007-2008,869.3,2359.0,0.423,30.0
Arhar/Tur,Akola,2020-2021,1005.7,4170.0,0.354,9.31
Jowar,Ahilyanagar,2001-2002,623.2,2175.0,0.396,3.31
Maize,Latur,2004-2005,670.3,2172.0,0.417,10.0
Jowar,Akola,2017-2018,793.0,2651.0,0.415,9.23
Jowar,Parbhani,2002-2003,833.3,2468.0,0.37,7.64
Jowar,Akola,2006-2007,939.2,2543.0,0.405,10.0
Maize,Nanded,2005-2006,831.3,2548.0,0.406,21.43
Jowar,Nagpur,2010-2011,1191.2,2672.0,0.418,7.36
Maize,Dhule,2016-2017,708.2,2576.0,0.416,31.84
Jowar,Satara,2005-2006,1154.8,1862.0,0.373,8.31
Maize,Jalgaon,2006-2007,993.1,2547.0,0.395,15.83
Wheat,Yavatmal,2012-2013,37.8,1974.0,0.16,17.89
Jowar,Buldhana,2010-2011,1016.2,2316.0,0.351,10.0
Jowar,Dhule,2022-2023,1162.1,2516.0,0.429,13.55
Jowar,Jalgaon,2008-2009,615.4,2552.0,0.39,19.26
Maize,Hingoli,2017-2018,730.7,2489.0,0.417,10.0
Jowar,Jalna,2021-2022,895.6,2373.0,0.406,5.34
Jowar,Amravati,2000-2001,744.7,2538.0,0.399,14.33
Maize,Akola,2022-2023,1295.2,2565.0,0.434,16.67
Maize,Solapur,2019-2020,799.4,2484.0,0.35,23.29
Maize,Jalgaon,2021-2022,987.9,2654.0,0.395,20.6
Jowar,Satara,2005-2006,1154.8,1862.0,0.373,7.51
Jowar,Solapur,2020-2021,1115.0,2377.0,0.41,6.17
Maize,Satara,2019-2020,1761.1,1986.0,0.37,18.49
Arhar/Tur,Yavatmal,2014-2015,908.8,4098.0,0.243,2.28
Maize,Nagpur,2016-2017,1404.2,2580.0,0.424,25.0
Maize,Washim,2002-2003,1127.5,2358.0,0.399,20.0
Wheat,Dharashiv,2007-2008,58.8,2088.0,0.084,11.85
Arhar/Tur,Amravati,2007-2008,960.3,4131.0,0.348,10.71
Arhar/Tur,Kolhapur,2006-2007,966.4,3818.0,0.351,5.0
Maize,Satara,2000-2001,1085.5,1856.0,0.37,9.92
Maize,Buldhana,2016-2017,1035.2,2239.0,0.344,27.65
Maize,Sangli,2011-2012,749.8,2074.0,0.447,15.38
Maize,Dharashiv,2014-2015,645.1,2319.0,0.257,6.15
Maize,Satara,2021-2022,964.1,1936.0,0.373,38.23
Jowar,Ahilyanagar,2021-2022,964.2,2123.0,0.442,6.83
Jowar,Solapur,2009-2010,790.9,2460.0,0.276,4.4
Maize,Latur,2011-2012,631.6,2210.0,0.409,14.56
Arhar/Tur,Jalna,2012-2013,519.1,4022.0,0.34,2.33
Wheat,Latur,2019-2020,69.2,2051.0,0.283,6.46
Maize,Jalna,2006-2007,806.9,2334.0,0.418,21.86
Maize,Nagpur,2022-2023,1965.9,2563.0,0.443,19.77
Wheat,Solapur,2016-2017,11.6,2411.0,0.043,13.39
Maize,Dhule,2014-2015,760.6,2716.0,0.363,19.89
Wheat,Wardha,2009-2010,72.2,2152.0,0.184,13.79
Jowar,Satara,2015-2016,535.6,1969.0,0.351,8.57
Maize,Jalna,2004-2005,725.1,2300.0,0.412,18.45
Maize,Buldhana,2022-2023,1090.4,2205.0,0.343,26.22
Jowar,Jalgaon,2020-2021,1023.4,2639.0,0.411,16.59
Wheat,Pune,2018-2019,24.9,1889.0,0.262,20.03
Jowar,Sangli,2021-2022,954.7,2128.0,0.431,10.57
Maize,Amravati,2014-2015,766.6,2731.0,0.373,1.67
Wheat,Solapur,2021-2022,75.5,2372.0,0.097,14.22
Jowar,Nashik,2021-2022,963.0,2100.0,0.438,14.65
Wheat,Sangli,2007-2008,88.1,2158.0,0.276,19.6
Maize,Dhule,2000-2001,377.3,2706.0,0.359,12.0
Maize,Akola,2004-2005,745.2,2546.0,0.395,10.0
Jowar,Jalgaon,2021-2022,987.9,2654.0,0.395,8.31
Maize,Satara,2015-2016,535.6,1969.0,0.351,19.06
Jowar,Wardha,2013-2014,1638.3,2404.0,0.406,4.46
Arhar/Tur,Solapur,2018-2019,562.7,4391.0,0.152,1.15
Maize,Nanded,2008-2009,822.6,2540.0,0.389,20.0
Jowar,Jalna,2011-2012,621.4,2340.0,0.401,7.35
Jowar,Dharashiv,2012-2013,486.8,2270.0,0.228,4.55
Maize,Solapur,2004-2005,642.2,2358.0,0.278,11.07
Maize,Dharashiv,2013-2014,978.1,2053.0,0.352,26.4
Wheat,Yavatmal,2010-2011,52.2,1970.0,0.184,14.72
Maize,Jalna,2011-2012,621.4,2340.0,0.401,26.14
Arhar/Tur,Satara,2006-2007,1250.8,3299.0,0.31,5.08
Jowar,Wardha,2019-2020,1548.2,2768.0,0.318,2.24
Maize,Jalgaon,2007-2008,1096.4,2567.0,0.403,28.15
Jowar,Yavatmal,2009-2010,926.1,2552.0,0.321,5.25
Maize,Nashik,2012-2013,708.0,2108.0,0.432,18.89
Arhar/Tur,Akola,2014-2015,745.7,4256.0,0.322,3.91
Maize,Akola,2020-2021,990.9,2616.0,0.431,12.9
Onion,Jalna,2003-2004,8.1,2116.0,0.258,55.2
Maize,Nashik,2020-2021,1551.9,2159.0,0.462,43.84
Wheat,Dharashiv,2014-2015,79.2,2059.0,0.095,2.95
Wheat,Satara,2022-2023,22.7,1841.0,0.209,23.38
Jowar,Parbhani,2001-2002,735.7,2426.0,0.39,12.92
Jowar,Solapur,2005-2006,693.9,2402.0,0.324,5.11
Maize,Nashik,2019-2020,1384.5,2168.0,0.436,25.22
Jowar,Jalna,2004-2005,725.1,2300.0,0.412,7.66
Wheat,Pune,2014-2015,109.0,1944.0,0.218,15.08
Maize,Kolhapur,2020-2021,1727.5,2070.0,0.478,34.59
Jowar,Nanded,2015-2016,672.0,2680.0,0.359,3.71
Jowar,Pune,2004-2005,1066.9,2056.0,0.388,5.36
Jowar,Buldhana,2016-2017,1035.2,2239.0,0.344,13.29
Wheat,Amravati,2006-2007,7.0,2058.0,0.261,16.73
Maize,Buldhana,2020-2021,983.0,2248.0,0.342,12.9
Maize,Nanded,2005-2006,831.3,2548.0,0.406,15.0
Maize,Pune,2010-2011,1302.2,2135.0,0.428,27.81
Jowar,Washim,2009-2010,1008.7,2439.0,0.398,15.2
Maize,Amravati,2004-2005,799.4,2558.0,0.405,12.14
Maize,Jalgaon,2006-2007,993.1,2547.0,0.395,31.09
Wheat,Hingoli,2007-2008,21.4,2107.0,0.223,19.22
Wheat,Sangli,2021-2022,91.7,2071.0,0.304,21.63
Jowar,Washim,2008-2009,924.5,2319.0,0.419,15.0
Jowar,Dharashiv,2010-2011,936.0,2184.0,0.358,7.57
Maize,Jalgaon,2012-2013,669.3,2604.0,0.38,26.71
Maize,Ahilyanagar,2007-2008,727.5,2242.0,0.405,27.55
Jowar,Sangli,2002-2003,550.6,2152.0,0.415,4.6
Jowar,Akola,2015-2016,624.4,2704.0,0.359,10.0
Wheat,Jalna,2013-2014,96.6,1831.0,0.283,13.98
Jowar,Nashik,2001-2002,1128.1,2028.0,0.455,8.92
Maize,Amravati,2007-2008,948.1,2579.0,0.418,31.76
Maize,Pune,2003-2004,935.0,2125.0,0.387,11.63
Jowar,Sangli,2009-2010,741.2,2145.0,0.432,6.82
Arhar/Tur,Solapur,2006-2007,746.5,4204.0,0.197,5.12
Maize,Beed,2018-2019,536.1,2537.0,0.371,4.15
Maize,Latur,2003-2004,741.9,2248.0,0.41,18.0
Arhar/Tur,Parbhani,2001-2002,750.9,3983.0,0.32,5.41
Jowar,Washim,2013-2014,1730.2,2166.0,0.456,7.5
Jowar,Pune,2015-2016,689.0,2232.0,0.349,4.49
Arhar/Tur,Amravati,2011-2012,845.1,4128.0,0.339,8.54
Jowar,Dhule,2011-2012,764.5,2576.0,0.393,14.58
Maize,Buldhana,2007-2008,1034.8,2279.0,0.337,15.0
Jowar,Hingoli,2019-2020,971.9,2544.0,0.411,7.08
Jowar,Pune,2021-2022,744.0,2083.0,0.443,11.29
Maize,Parbhani,2007-2008,742.9,2474.0,0.416,14.8
Arhar/Tur,Yavatmal,2017-2018,795.7,4178.0,0.23,9.72
Jowar,Washim,2016-2017,1062.2,2331.0,0.423,8.37
Maize,Washim,2004-2005,723.8,2312.0,0.425,10.0
Arhar/Tur,Pune,2011-2012,1153.8,3698.0,0.31,5.17
Jowar,Solapur,2000-2001,938.4,2309.0,0.334,4.49
Wheat,Nashik,2005-2006,1.8,1842.0,0.255,16.52
Maize,Pune,2008-2009,1040.5,2090.0,0.383,16.92
Jowar,Wardha,2000-2001,1335.5,2563.0,0.346,9.89
Jowar,Beed,2017-2018,925.0,2442.0,0.423,6.96
Maize,Beed,2009-2010,1024.7,2439.0,0.369,9.42
Arhar/Tur,Jalna,2000-2001,819.2,3866.0,0.329,4.02
Jowar,Yavatmal,2022-2023,1559.1,2479.0,0.347,2.23
Maize,Nanded,2019-2020,1051.7,2652.0,0.379,5.94
Maize,Jalna,2016-2017,855.2,2331.0,0.419,24.42
Maize,Nashik,2018-2019,653.3,2171.0,0.401,14.75
Jowar,Jalgaon,2002-2003,906.7,2569.0,0.369,20.26
Arhar/Tur,Sangli,2001-2002,364.7,3887.0,0.335,3.2
Jowar,Kolhapur,2021-2022,1115.3,2044.0,0.446,17.28
Arhar/Tur,Nanded,2012-2013,614.0,4373.0,0.332,5.72
Maize,Jalna,2001-2002,694.3,2320.0,0.413,14.72
Maize,Wardha,2018-2019,928.6,2640.0,0.317,3.46
Wheat,Buldhana,2018-2019,11.6,1880.0,0.119,11.72
Arhar/Tur,Nashik,2013-2014,1296.5,3397.0,0.373,7.03
Jowar,Dhule,2003-2004,705.3,2549.0,0.411,17.08
Jowar,Ahilyanagar,2004-2005,729.2,2130.0,0.408,4.74
Arhar/Tur,Pune,2012-2013,724.9,3853.0,0.275,1.76
Jowar,Nagpur,2002-2003,812.5,2661.0,0.359,9.4
Maize,Nanded,2019-2020,1051.7,2652.0,0.379,12.42
Jowar,Satara,2018-2019,900.8,1952.0,0.365,7.75
Maize,Latur,2005-2006,895.9,2235.0,0.422,13.33
Jowar,Parbhani,2006-2007,943.9,2451.0,0.402,8.8
Maize,Akola,2021-2022,1017.0,2589.0,0.42,17.0
Maize,Washim,2008-2009,924.5,2319.0,0.419,30.0
Jowar,Wardha,2014-2015,838.3,2774.0,0.303,4.58
Maize,Nanded,2010-2011,1080.9,2559.0,0.425,8.57
Wheat,Latur,2001-2002,41.6,1976.0,0.266,8.94
Jowar,Jalna,2006-2007,806.9,2334.0,0.418,10.63
Maize,Beed,2002-2003,659.4,2403.0,0.349,10.31
Wheat,Wardha,2014-2015,99.1,2011.0,0.183,14.53
Wheat,Kolhapur,2012-2013,30.4,2225.0,0.203,21.98
Jowar,Dharashiv,2018-2019,696.1,2240.0,0.306,6.34
Jowar,Akola,2006-2007,939.2,2543.0,0.405,24.34
Maize,Hingoli,2010-2011,1133.5,2484.0,0.406,14.74
Maize,Nashik,2007-2008,1080.7,2121.0,0.438,29.0
Maize,Sangli,2000-2001,675.6,2081.0,0.44,6.26
Jowar,Nashik,2015-2016,735.2,2171.0,0.423,5.86
Maize,Dhule,2020-2021,932.6,2593.0,0.416,21.92
Maize,Ahilyanagar,2003-2004,532.2,2240.0,0.399,5.14
Jowar,Beed,2007-2008,694.7,2394.0,0.387,8.09
Maize,Nagpur,2007-2008,1191.8,2612.0,0.415,30.0
Maize,Ahilyanagar,2022-2023,1164.7,2116.0,0.452,19.92
Arhar/Tur,Satara,2013-2014,1130.3,3196.0,0.29,5.0
Jowar,Amravati,2012-2013,1415.5,2577.0,0.408,13.0
Maize,Yavatmal,2008-2009,802.9,2407.0,0.34,30.0
Wheat,Solapur,2006-2007,35.3,2378.0,0.059,12.38
Maize,Nashik,2022-2023,1121.5,2083.0,0.453,23.28
Maize,Beed,2022-2023,1209.9,2355.0,0.446,18.07
Maize,Buldhana,2021-2022,1015.2,2234.0,0.32,29.51
Maize,Nanded,2006-2007,1010.7,2514.0,0.402,10.0
Jowar,Parbhani,2020-2021,1089.0,2473.0,0.43,12.09
Jowar,Nagpur,2020-2021,1585.6,2586.0,0.453,6.1
Wheat,Hingoli,2000-2001,10.1,2172.0,0.215,15.69
Maize,Nashik,2004-2005,1063.0,2014.0,0.45,21.71
Jowar,Nanded,2018-2019,771.5,2566.0,0.357,6.93
Maize,Hingoli,2022-2023,1212.8,2389.0,0.441,19.77
Maize,Beed,2015-2016,534.9,2529.0,0.328,4.14
Jowar,Dharashiv,2010-2011,936.0,2184.0,0.358,8.02
Wheat,Ahilyanagar,2006-2007,40.0,2092.0,0.237,16.12
Maize,Dharashiv,2005-2006,773.8,2195.0,0.314,21.0
Jowar,Pune,2005-2006,1440.2,2109.0,0.405,4.97
Wheat,Dharashiv,2008-2009,51.7,2184.0,0.088,10.68
Jowar,Nagpur,2000-2001,1027.2,2568.0,0.391,2.32
Jowar,Satara,2000-2001,1085.5,1856.0,0.37,17.56
Jowar,Pune,2005-2006,1440.2,2109.0,0.405,10.31
Maize,Sangli,2004-2005,541.7,2106.0,0.416,15.0
Jowar,Nagpur,2005-2006,1212.5,2658.0,0.4,8.4
Wheat,Nashik,2007-2008,6.2,1889.0,0.256,18.86
Jowar,Yavatmal,2006-2007,906.3,2456.0,0.335,9.82
Maize,Nashik,2008-2009,1259.7,2049.0,0.436,28.82
Wheat,Akola,2002-2003,19.7,2059.0,0.247,15.34
Arhar/Tur,Amravati,2014-2015,875.9,4246.0,0.34,3.55
Arhar/Tur,Sangli,2021-2022,1046.8,3738.0,0.378,6.17
Maize,Jalgaon,2002-2003,906.7,2569.0,0.369,12.5
Maize,Pune,2013-2014,1375.0,2021.0,0.414,28.81
Wheat,Jalna,2019-2020,47.4,2003.0,0.279,15.98
Maize,Beed,2012-2013,467.4,2454.0,0.334,6.55
Maize,Solapur,2000-2001,938.4,2309.0,0.334,6.26
Arhar/Tur,Parbhani,2020-2021,1101.0,4182.0,0.339,12.88
Maize,Jalgaon,2010-2011,801.4,2668.0,0.392,33.2
Wheat,Latur,2020-2021,23.4,2018.0,0.266,15.7
Wheat,Buldhana,2013-2014,116.6,1712.0,0.173,12.53
Maize,Akola,2020-2021,990.9,2616.0,0.431,34.15
Wheat,Latur,2009-2010,98.8,2124.0,0.283,10.78
Jowar,Hingoli,2018-2019,739.5,2469.0,0.395,2.81
Arhar/Tur,Jalgaon,2001-2002,603.3,4144.0,0.319,6.34
Jowar,Wardha,2010-2011,1174.3,2666.0,0.377,5.12
Jowar,Dhule,2002-2003,727.9,2583.0,0.374,11.13
Maize,Parbhani,2009-2010,988.4,2550.0,0.376,8.7
Jowar,Pune,2005-2006,1440.2,2109.0,0.405,4.93
Maize,Dhule,2003-2004,705.3,2549.0,0.411,28.83
Maize,Nagpur,2020-2021,1585.6,2586.0,0.453,12.9
Jowar,Wardha,2022-2023,1897.7,2618.0,0.347,0.37
Arhar/Tur,Akola,2006-2007,942.6,4186.0,0.331,9.4
Jowar,Wardha,2009-2010,1080.7,2717.0,0.334,5.38
Maize,Hingoli,2007-2008,768.2,2431.0,0.397,12.86
Wheat,Wardha,2016-2017,3.1,2040.0,0.143,15.17
Arhar/Tur,Ahilyanagar,2022-2023,1169.8,3618.0,0.368,9.22
Maize,Yavatmal,2004-2005,688.7,2467.0,0.32,10.0
Maize,Hingoli,2021-2022,1146.3,2390.0,0.435,21.76
Wheat,Yavatmal,2003-2004,39.1,1977.0,0.161,11.82
Jowar,Ahilyanagar,2012-2013,447.7,2272.0,0.361,1.51
Maize,Parbhani,2020-2021,1089.0,2473.0,0.43,12.9
Jowar,Jalgaon,2018-2019,738.1,2720.0,0.367,14.67
Jowar,Buldhana,2019-2020,1188.2,2318.0,0.331,5.8
